{"Episode Rewards:": 1.0, "Episode Lengths": 180, "Episode Running Rewards:": 0.7142857142857143, "_timestamp": 1693725519.7744203, "_runtime": 29.119707345962524, "_step": 6}