{"Episode Rewards:": 0.0, "Episode Lengths": 129, "Episode Running Rewards:": 1.38, "_timestamp": 1693690606.906397, "_runtime": 12690.661026000977, "_step": 852}