{"Episode Rewards:": 0.0, "Episode Lengths": 140, "Episode Running Rewards:": 1.09, "_timestamp": 1693690596.3417933, "_runtime": 12627.556654214859, "_step": 803}