{"Episode Rewards:": 1.0, "Episode Lengths": 153, "Episode Running Rewards:": 1.19, "_timestamp": 1693772036.9887586, "_runtime": 7992.110092639923, "_step": 685}