{"Episode Rewards:": 3.0, "Episode Lengths": 264, "Episode Running Rewards:": 1.35, "_timestamp": 1693767622.851202, "_runtime": 3577.972536087036, "_step": 447}