{"Episode Rewards:": 185.0, "Episode Lengths": 431, "Episode Running Rewards:": 157.7, "_timestamp": 1693854344.9614184, "_runtime": 13784.903738498688, "_step": 349}