{"Episode Rewards:": 100.0, "Episode Lengths": 487, "Episode Running Rewards:": 82.8, "_timestamp": 1693782466.9630084, "_runtime": 8748.881195306778, "_step": 240}