{"Episode Rewards:": 20.0, "Episode Lengths": 357, "Episode Running Rewards:": 81.2, "_timestamp": 1693840418.1498377, "_runtime": 16960.48837661743, "_step": 353}