{"Episode Rewards:": 80.0, "Episode Lengths": 392, "Episode Running Rewards:": 83.4, "_timestamp": 1693782511.9660447, "_runtime": 8819.005150556564, "_step": 232}