{"Episode Rewards:": 60.0, "Episode Lengths": 483, "Episode Running Rewards:": 74.4, "_timestamp": 1693825505.3336039, "_runtime": 13870.06223988533, "_step": 667}