{"Episode Rewards:": 1.0, "Episode Lengths": 170, "Episode Running Rewards:": 1.37, "_timestamp": 1693759254.0389564, "_runtime": 33690.67550134659, "_step": 1491}