{"Episode Rewards:": 2.0, "Episode Lengths": 223, "Episode Running Rewards:": 1.33, "_timestamp": 1693763978.893373, "_runtime": 38415.5299179554, "_step": 1600}