{"Episode Rewards:": 0.0, "Episode Lengths": 138, "Episode Running Rewards:": 0.6666666666666666, "_timestamp": 1693773619.032479, "_runtime": 54.87501502037048, "_step": 11}