{"Episode Rewards:": 1.0, "Episode Lengths": 184, "Episode Running Rewards:": 1.17, "_timestamp": 1693667006.198405, "_runtime": 6707.088762044907, "_step": 606}