{"Episode Rewards:": 1.0, "Episode Lengths": 175, "Episode Running Rewards:": 1.42, "_timestamp": 1693725253.2397099, "_runtime": 64954.13006687164, "_step": 2081}