{"Episode Rewards:": 185.0, "Episode Lengths": 569, "Episode Running Rewards:": 145.3, "_timestamp": 1693845847.8059418, "_runtime": 5430.6013288497925, "_step": 349}