{"Episode Rewards:": 60.0, "Episode Lengths": 394, "Episode Running Rewards:": 74.8, "_timestamp": 1693840406.8555598, "_runtime": 17560.48478293419, "_step": 349}