{"Episode Rewards:": 0.0, "Episode Lengths": 158, "Episode Running Rewards:": 1.4, "_timestamp": 1693773619.501907, "_runtime": 29.20855712890625, "_step": 4}