{"Episode Rewards:": 1.0, "Episode Lengths": 160, "Episode Running Rewards:": 1.2, "_timestamp": 1693759278.1789038, "_runtime": 20609.687876701355, "_step": 1078}