{"Episode Rewards:": 0.0, "Episode Lengths": 136, "Episode Running Rewards:": 1.26, "_timestamp": 1693771992.5915883, "_runtime": 33324.10056114197, "_step": 1366}