{"Episode Rewards:": 1.0, "Episode Lengths": 189, "Episode Running Rewards:": 1.26, "_timestamp": 1693767601.9053905, "_runtime": 28933.414363384247, "_step": 1280}