{"Episode Rewards:": 70.0, "Episode Lengths": 349, "Episode Running Rewards:": 143.8, "_timestamp": 1693854959.2711494, "_runtime": 14438.82138633728, "_step": 349}